{
  "engine" : {
    "commit" : "d4a9de6",
    "name" : "tinygpt"
  },
  "git_commit" : "d4a9de6",
  "git_dirty" : true,
  "harness_version" : "0.1.0",
  "metrics" : {
    "ane_residency_pct" : {
      "median" : null,
      "n" : 0,
      "p95" : null,
      "p99" : null
    },
    "cpu_mean_watts" : {
      "median" : null,
      "n" : 0,
      "p95" : null,
      "p99" : null
    },
    "decode_tps" : {
      "median" : 696.99444159487496,
      "n" : 20,
      "p95" : 707.32788816106586,
      "p99" : 717.31972695675825
    },
    "energy_per_token_j" : {
      "median" : null,
      "n" : 0,
      "p95" : null,
      "p99" : null
    },
    "gpu_mean_watts" : {
      "median" : null,
      "n" : 0,
      "p95" : null,
      "p99" : null
    },
    "itl_ms" : {
      "median" : 1.3049840927124023,
      "n" : 2520,
      "p95" : 2.3119449615478516,
      "p99" : 2.7459859848022461
    },
    "peak_rss_mb" : {
      "median" : 323.69952799999999,
      "n" : 20,
      "p95" : 323.69952799999999,
      "p99" : 323.69952799999999
    },
    "prefill_tps" : {
      "median" : 56814.742790623844,
      "n" : 20,
      "p95" : 58527.298811730077,
      "p99" : 58687.244425010933
    },
    "ttft_ms" : {
      "median" : 2.2540092468261719,
      "n" : 20,
      "p95" : 3.4730434417724609,
      "p99" : 3.6499500274658203
    }
  },
  "model" : {
    "params" : 22126336,
    "path" : "\/tmp\/flagship-huge-v5.tinygpt"
  },
  "runs" : [
    {
      "ane_residency_pct" : null,
      "cpu_mean_watts" : null,
      "decode_ms" : 197.16298580169678,
      "decode_tokens" : 127,
      "decode_tps" : 644.13713093052093,
      "energy_per_token_j" : null,
      "gpu_mean_watts" : null,
      "itl_ms_count" : 127,
      "itl_ms_median" : 1.3049840927124023,
      "peak_rss_mb" : 323.601224,
      "prefill_tokens" : 128,
      "prefill_tps" : 57477.748728654784,
      "run_index" : 0,
      "ttft_ms" : 2.2269487380981445,
      "warm" : false,
      "warnings" : [

      ]
    },
    {
      "ane_residency_pct" : null,
      "cpu_mean_watts" : null,
      "decode_ms" : 189.16797637939453,
      "decode_tokens" : 127,
      "decode_tps" : 671.36099053726366,
      "energy_per_token_j" : null,
      "gpu_mean_watts" : null,
      "itl_ms_count" : 127,
      "itl_ms_median" : 1.3089179992675781,
      "peak_rss_mb" : 323.61760800000002,
      "prefill_tokens" : 128,
      "prefill_tps" : 58687.244425010933,
      "run_index" : 1,
      "ttft_ms" : 2.1810531616210938,
      "warm" : false,
      "warnings" : [

      ]
    },
    {
      "ane_residency_pct" : null,
      "cpu_mean_watts" : null,
      "decode_ms" : 195.30093669891357,
      "decode_tokens" : 127,
      "decode_tps" : 650.27849915430784,
      "energy_per_token_j" : null,
      "gpu_mean_watts" : null,
      "itl_ms_count" : 127,
      "itl_ms_median" : 1.3099908828735352,
      "peak_rss_mb" : 323.63399199999998,
      "prefill_tokens" : 128,
      "prefill_tps" : 35068.973283689331,
      "run_index" : 2,
      "ttft_ms" : 3.6499500274658203,
      "warm" : false,
      "warnings" : [

      ]
    },
    {
      "ane_residency_pct" : null,
      "cpu_mean_watts" : null,
      "decode_ms" : 181.96594715118408,
      "decode_tokens" : 127,
      "decode_tps" : 697.93278351406968,
      "energy_per_token_j" : null,
      "gpu_mean_watts" : null,
      "itl_ms_count" : 127,
      "itl_ms_median" : 1.3110637664794922,
      "peak_rss_mb" : 323.63399199999998,
      "prefill_tokens" : 128,
      "prefill_tps" : 56787.699598053732,
      "run_index" : 3,
      "ttft_ms" : 2.2540092468261719,
      "warm" : false,
      "warnings" : [

      ]
    },
    {
      "ane_residency_pct" : null,
      "cpu_mean_watts" : null,
      "decode_ms" : 179.54897880554199,
      "decode_tokens" : 127,
      "decode_tps" : 707.32788816106586,
      "energy_per_token_j" : null,
      "gpu_mean_watts" : null,
      "itl_ms_count" : 127,
      "itl_ms_median" : 1.3070106506347656,
      "peak_rss_mb" : 323.65037599999999,
      "prefill_tokens" : 128,
      "prefill_tps" : 36855.2833115947,
      "run_index" : 4,
      "ttft_ms" : 3.4730434417724609,
      "warm" : false,
      "warnings" : [

      ]
    },
    {
      "ane_residency_pct" : null,
      "cpu_mean_watts" : null,
      "decode_ms" : 182.55293369293213,
      "decode_tokens" : 127,
      "decode_tps" : 695.68862811935753,
      "energy_per_token_j" : null,
      "gpu_mean_watts" : null,
      "itl_ms_count" : 127,
      "itl_ms_median" : 1.3320446014404297,
      "peak_rss_mb" : 323.65037599999999,
      "prefill_tokens" : 128,
      "prefill_tps" : 55625.644925659224,
      "run_index" : 5,
      "ttft_ms" : 2.3010969161987305,
      "warm" : false,
      "warnings" : [

      ]
    },
    {
      "ane_residency_pct" : null,
      "cpu_mean_watts" : null,
      "decode_ms" : 182.21092224121094,
      "decode_tokens" : 127,
      "decode_tps" : 696.99444159487496,
      "energy_per_token_j" : null,
      "gpu_mean_watts" : null,
      "itl_ms_count" : 127,
      "itl_ms_median" : 1.3140439987182617,
      "peak_rss_mb" : 323.66676000000001,
      "prefill_tokens" : 128,
      "prefill_tps" : 56814.742790623844,
      "run_index" : 6,
      "ttft_ms" : 2.2529363632202148,
      "warm" : false,
      "warnings" : [

      ]
    },
    {
      "ane_residency_pct" : null,
      "cpu_mean_watts" : null,
      "decode_ms" : 185.51898002624512,
      "decode_tokens" : 127,
      "decode_tps" : 684.5660750292692,
      "energy_per_token_j" : null,
      "gpu_mean_watts" : null,
      "itl_ms_count" : 127,
      "itl_ms_median" : 1.320958137512207,
      "peak_rss_mb" : 323.66676000000001,
      "prefill_tokens" : 128,
      "prefill_tps" : 44551.754035102276,
      "run_index" : 7,
      "ttft_ms" : 2.8730630874633789,
      "warm" : false,
      "warnings" : [

      ]
    },
    {
      "ane_residency_pct" : null,
      "cpu_mean_watts" : null,
      "decode_ms" : 182.22200870513916,
      "decode_tokens" : 127,
      "decode_tps" : 696.95203615883668,
      "energy_per_token_j" : null,
      "gpu_mean_watts" : null,
      "itl_ms_count" : 127,
      "itl_ms_median" : 1.3120174407958984,
      "peak_rss_mb" : 323.68314400000003,
      "prefill_tokens" : 128,
      "prefill_tps" : 57632.001717567495,
      "run_index" : 8,
      "ttft_ms" : 2.2209882736206055,
      "warm" : false,
      "warnings" : [

      ]
    },
    {
      "ane_residency_pct" : null,
      "cpu_mean_watts" : null,
      "decode_ms" : 185.19699573516846,
      "decode_tokens" : 127,
      "decode_tps" : 685.75626454335088,
      "energy_per_token_j" : null,
      "gpu_mean_watts" : null,
      "itl_ms_count" : 127,
      "itl_ms_median" : 1.3099908828735352,
      "peak_rss_mb" : 323.68314400000003,
      "prefill_tokens" : 128,
      "prefill_tps" : 56637.92720751134,
      "run_index" : 9,
      "ttft_ms" : 2.2599697113037109,
      "warm" : false,
      "warnings" : [

      ]
    },
    {
      "ane_residency_pct" : null,
      "cpu_mean_watts" : null,
      "decode_ms" : 183.00998210906982,
      "decode_tokens" : 127,
      "decode_tps" : 693.95121805055896,
      "energy_per_token_j" : null,
      "gpu_mean_watts" : null,
      "itl_ms_count" : 127,
      "itl_ms_median" : 1.3089179992675781,
      "peak_rss_mb" : 323.69952799999999,
      "prefill_tokens" : 128,
      "prefill_tps" : 44321.878312556757,
      "run_index" : 10,
      "ttft_ms" : 2.8879642486572266,
      "warm" : false,
      "warnings" : [

      ]
    },
    {
      "ane_residency_pct" : null,
      "cpu_mean_watts" : null,
      "decode_ms" : 182.95896053314209,
      "decode_tokens" : 127,
      "decode_tps" : 694.14473950836964,
      "energy_per_token_j" : null,
      "gpu_mean_watts" : null,
      "itl_ms_count" : 127,
      "itl_ms_median" : 1.320958137512207,
      "peak_rss_mb" : 323.69952799999999,
      "prefill_tokens" : 128,
      "prefill_tps" : 48247.21743428443,
      "run_index" : 11,