{
  "engine" : {
    "commit" : "d4a9de6",
    "name" : "tinygpt"
  },
  "git_commit" : "d4a9de6",
  "git_dirty" : true,
  "harness_version" : "0.1.0",
  "metrics" : {
    "ane_residency_pct" : {
      "median" : null,
      "n" : 0,
      "p95" : null,
      "p99" : null
    },
    "cpu_mean_watts" : {
      "median" : null,
      "n" : 0,
      "p95" : null,
      "p99" : null
    },
    "decode_tps" : {
      "median" : 564.3666414684136,
      "n" : 25,
      "p95" : 761.34943285766553,
      "p99" : 767.2415224514782
    },
    "energy_per_token_j" : {
      "median" : null,
      "n" : 0,
      "p95" : null,
      "p99" : null
    },
    "gpu_mean_watts" : {
      "median" : null,
      "n" : 0,
      "p95" : null,
      "p99" : null
    },
    "itl_ms" : {
      "median" : 1.5320777893066406,
      "n" : 3150,
      "p95" : 3.2989978790283203,
      "p99" : 3.7539005279541016
    },
    "peak_rss_mb" : {
      "median" : 206.881584,
      "n" : 25,
      "p95" : 207.307568,
      "p99" : 207.307568
    },
    "prefill_tps" : {
      "median" : 26380.566655201219,
      "n" : 25,
      "p95" : 38230.500035604928,
      "p99" : 39409.154518094401
    },
    "ttft_ms" : {
      "median" : 2.4260282516479492,
      "n" : 25,
      "p95" : 4.510045051574707,
      "p99" : 5.8339834213256836
    }
  },
  "model" : {
    "params" : 9608704,
    "path" : "browser\/public\/gallery\/mac-trained.tinygpt"
  },
  "runs" : [
    {
      "ane_residency_pct" : null,
      "cpu_mean_watts" : null,
      "decode_ms" : 217.31293201446533,
      "decode_tokens" : 127,
      "decode_tps" : 584.41068749441149,
      "energy_per_token_j" : null,
      "gpu_mean_watts" : null,
      "itl_ms_count" : 127,
      "itl_ms_median" : 1.5599727630615234,
      "peak_rss_mb" : 206.73408000000001,
      "prefill_tokens" : 64,
      "prefill_tps" : 27972.224873651852,
      "run_index" : 0,
      "ttft_ms" : 2.2879838943481445,
      "warm" : false,
      "warnings" : [

      ]
    },
    {
      "ane_residency_pct" : null,
      "cpu_mean_watts" : null,
      "decode_ms" : 218.75905990600586,
      "decode_tokens" : 127,
      "decode_tps" : 580.54738420693548,
      "energy_per_token_j" : null,
      "gpu_mean_watts" : null,
      "itl_ms_count" : 127,
      "itl_ms_median" : 1.5180110931396484,
      "peak_rss_mb" : 206.76684800000001,
      "prefill_tokens" : 64,
      "prefill_tps" : 34149.921251828768,
      "run_index" : 1,
      "ttft_ms" : 1.874089241027832,
      "warm" : false,
      "warnings" : [

      ]
    },
    {
      "ane_residency_pct" : null,
      "cpu_mean_watts" : null,
      "decode_ms" : 246.98293209075928,
      "decode_tokens" : 127,
      "decode_tps" : 514.20557252648973,
      "energy_per_token_j" : null,
      "gpu_mean_watts" : null,
      "itl_ms_count" : 127,
      "itl_ms_median" : 1.6469955444335938,
      "peak_rss_mb" : 206.76684800000001,
      "prefill_tokens" : 64,
      "prefill_tps" : 31128.365048994026,
      "run_index" : 2,
      "ttft_ms" : 2.0560026168823242,
      "warm" : false,
      "warnings" : [

      ]
    },
    {
      "ane_residency_pct" : null,
      "cpu_mean_watts" : null,
      "decode_ms" : 242.5379753112793,
      "decode_tokens" : 127,
      "decode_tps" : 523.62934025900495,
      "energy_per_token_j" : null,
      "gpu_mean_watts" : null,
      "itl_ms_count" : 127,
      "itl_ms_median" : 1.6380548477172852,
      "peak_rss_mb" : 206.76684800000001,
      "prefill_tokens" : 64,
      "prefill_tps" : 22832.939735465487,
      "run_index" : 3,
      "ttft_ms" : 2.8029680252075195,
      "warm" : false,
      "warnings" : [

      ]
    },
    {
      "ane_residency_pct" : null,
      "cpu_mean_watts" : null,
      "decode_ms" : 232.70201683044434,
      "decode_tokens" : 127,
      "decode_tps" : 545.76235191178898,
      "energy_per_token_j" : null,
      "gpu_mean_watts" : null,
      "itl_ms_count" : 127,
      "itl_ms_median" : 1.6100406646728516,
      "peak_rss_mb" : 206.76684800000001,
      "prefill_tokens" : 64,
      "prefill_tps" : 32096.066957613439,
      "run_index" : 4,
      "ttft_ms" : 1.994013786315918,
      "warm" : false,
      "warnings" : [

      ]
    },
    {
      "ane_residency_pct" : null,
      "cpu_mean_watts" : null,
      "decode_ms" : 267.66598224639893,
      "decode_tokens" : 127,
      "decode_tps" : 474.47194796345326,
      "energy_per_token_j" : null,
      "gpu_mean_watts" : null,
      "itl_ms_count" : 127,
      "itl_ms_median" : 1.7039775848388672,
      "peak_rss_mb" : 206.76684800000001,
      "prefill_tokens" : 64,
      "prefill_tps" : 23332.069187309866,
      "run_index" : 5,
      "ttft_ms" : 2.7430057525634766,
      "warm" : false,
      "warnings" : [

      ]
    },
    {
      "ane_residency_pct" : null,
      "cpu_mean_watts" : null,
      "decode_ms" : 225.03101825714111,
      "decode_tokens" : 127,
      "decode_tps" : 564.3666414684136,
      "energy_per_token_j" : null,
      "gpu_mean_watts" : null,
      "itl_ms_count" : 127,
      "itl_ms_median" : 1.562952995300293,
      "peak_rss_mb" : 206.783232,
      "prefill_tokens" : 64,
      "prefill_tps" : 31326.345664604971,
      "run_index" : 6,
      "ttft_ms" : 2.0430088043212891,
      "warm" : false,
      "warnings" : [

      ]
    },
    {
      "ane_residency_pct" : null,
      "cpu_mean_watts" : null,
      "decode_ms" : 261.95800304412842,
      "decode_tokens" : 127,
      "decode_tps" : 484.81053651415289,
      "energy_per_token_j" : null,
      "gpu_mean_watts" : null,
      "itl_ms_count" : 127,
      "itl_ms_median" : 1.7160177230834961,
      "peak_rss_mb" : 206.783232,
      "prefill_tokens" : 64,
      "prefill_tps" : 23835.50488367963,
      "run_index" : 7,
      "ttft_ms" : 2.6850700378417969,
      "warm" : false,
      "warnings" : [

      ]
    },
    {
      "ane_residency_pct" : null,
      "cpu_mean_watts" : null,
      "decode_ms" : 263.36300373077393,
      "decode_tokens" : 127,
      "decode_tps" : 482.22414766284834,
      "energy_per_token_j" : null,
      "gpu_mean_watts" : null,
      "itl_ms_count" : 127,
      "itl_ms_median" : 1.6840696334838867,
      "peak_rss_mb" : 206.783232,
      "prefill_tokens" : 64,
      "prefill_tps" : 24567.378025900332,
      "run_index" : 8,
      "ttft_ms" : 2.6050806045532227,
      "warm" : false,
      "warnings" : [

      ]
    },
    {
      "ane_residency_pct" : null,
      "cpu_mean_watts" : null,
      "decode_ms" : 236.10401153564453,
      "decode_tokens" : 127,
      "decode_tps" : 537.89852689913687,
      "energy_per_token_j" : null,
      "gpu_mean_watts" : null,
      "itl_ms_count" : 127,
      "itl_ms_median" : 1.5710592269897461,
      "peak_rss_mb" : 206.783232,
      "prefill_tokens" : 64,
      "prefill_tps" : 25889.516902155567,
      "run_index" : 9,
      "ttft_ms" : 2.4720430374145508,
      "warm" : false,
      "warnings" : [

      ]
    },
    {
      "ane_residency_pct" : null,
      "cpu_mean_watts" : null,
      "decode_ms" : 222.82600402832031,
      "decode_tokens" : 127,
      "decode_tps" : 569.95143162850422,
      "energy_per_token_j" : null,
      "gpu_mean_watts" : null,
      "itl_ms_count" : 127,
      "itl_ms_median" : 1.5339851379394531,
      "peak_rss_mb" : 206.783232,
      "prefill_tokens" : 64,
      "prefill_tps" : 24681.450533284296,
      "run_index" : 10,
      "ttft_ms" : 2.5930404663085938,
      "warm" : false,
      "warnings" : [

      ]
    },
    {
      "ane_residency_pct" : null,
      "cpu_mean_watts" : null,
      "decode_ms" : 265.40398597717285,
      "decode_tokens" : 127,
      "decode_tps" : 478.51579746403337,
      "energy_per_token_j" : null,
      "gpu_mean_watts" : null,
      "itl_ms_count" : 127,
      "itl_ms_median" : 1.6609430313110352,
      "peak_rss_mb" : 206.881584,
      "prefill_tokens" : 64,
      "prefill_tps" : 26380.566655201219,
      "run_index" : 11,
      "ttft_ms" : 2.4260282516479492,
      "warm" : false,